timestamp,frame_number,frame_interval_ms,deadline_missed,jitter_ms
0.000000,1,33.333,0,0.000
0.033480,2,33.480,0,0.147
0.066870,3,33.390,0,0.057
0.103335,4,36.465,0,3.132
0.133445,5,30.110,0,3.224
0.166773,6,33.328,0,0.005
0.200097,7,33.324,0,0.010
0.233428,8,33.332,0,0.002
0.266763,9,33.335,0,0.001
0.300094,10,33.331,0,0.003
0.333425,11,33.332,0,0.002
0.366766,12,33.340,0,0.007
0.400098,13,33.333,0,0.001
0.445669,14,45.571,1,12.237
0.466760,15,21.091,0,12.242
0.500086,16,33.327,0,0.007
0.533427,17,33.341,0,0.007
0.568253,18,34.826,0,1.493
0.600561,19,32.308,0,1.025
0.633442,20,32.880,0,0.453
0.666760,21,33.318,0,0.015
0.700088,22,33.328,0,0.006
0.733430,23,33.342,0,0.008
0.766763,24,33.333,0,0.000
0.800085,25,33.323,0,0.011
0.839069,26,38.983,0,5.650
0.866762,27,27.693,0,5.640
0.907573,28,40.811,1,7.478
0.944449,29,36.876,0,3.542
0.966758,30,22.309,0,11.024
1.000082,31,33.325,0,0.009
1.033426,32,33.344,0,0.010
1.066755,33,33.329,0,0.005
1.100088,34,33.334,0,0.000
1.139825,35,39.736,0,6.403
1.166770,36,26.946,0,6.388
1.200083,37,33.313,0,0.020
1.233422,38,33.338,0,0.005
1.266757,39,33.335,0,0.002
1.300082,40,33.325,0,0.008
1.333505,41,33.423,0,0.090
1.367134,42,33.629,0,0.296
1.400085,43,32.951,0,0.382
1.433421,44,33.336,0,0.002
1.467569,45,34.149,0,0.815
1.500083,46,32.513,0,0.820
1.533423,47,33.340,0,0.007
1.566770,48,33.347,0,0.014
1.600594,49,33.824,0,0.491
1.633436,50,32.842,0,0.491
1.669801,51,36.364,0,3.031
1.709817,52,40.016,1,6.683
1.733434,53,23.617,0,9.717
1.766827,54,33.394,0,0.060
1.800193,55,33.365,0,0.032
1.834566,56,34.373,0,1.040
1.869619,57,35.053,0,1.720
1.905152,58,35.533,0,2.200
1.939919,59,34.767,0,1.434
1.971594,60,31.675,0,1.659
2.003039,61,31.445,0,1.888
2.039893,62,36.854,0,3.521
2.066816,63,26.922,0,6.411
2.100089,64,33.273,0,0.060
2.135107,65,35.018,0,1.685
2.170638,66,35.531,0,2.198
2.200105,67,29.467,0,3.867
2.233425,68,33.320,0,0.013
2.268732,69,35.307,0,1.973
2.300334,70,31.602,0,1.731
2.337804,71,37.471,0,4.137
2.370577,72,32.773,0,0.560
2.404661,73,34.084,0,0.751
2.436288,74,31.627,0,1.706
2.472088,75,35.800,0,2.467
2.504556,76,32.468,0,0.865
2.533430,77,28.874,0,4.459
2.569269,78,35.838,0,2.505
2.606525,79,37.256,0,3.923
2.633425,80,26.900,0,6.433
2.667982,81,34.557,0,1.223
2.700622,82,32.640,0,0.693
2.734473,83,33.851,0,0.518
2.770839,84,36.366,0,3.032
2.800148,85,29.309,0,4.024
2.833436,86,33.288,0,0.045
2.870908,87,37.472,0,4.139
2.900098,88,29.190,0,4.143
2.933440,89,33.342,0,0.009
2.968403,90,34.963,0,1.630
3.000093,91,31.690,0,1.644
3.038555,92,38.462,0,5.129
3.070642,93,32.087,0,1.246
3.100646,94,30.004,0,3.329
3.133418,95,32.771,0,0.562
3.166759,96,33.341,0,0.008
3.200098,97,33.340,0,0.006
3.237769,98,37.670,0,4.337
3.266755,99,28.987,0,4.347
3.302552,100,35.797,0,2.463
3.333767,101,31.215,0,2.118
3.366764,102,32.997,0,0.337
3.400952,103,34.188,0,0.855
3.437356,104,36.404,0,3.071
3.466754,105,29.398,0,3.936
3.500102,106,33.348,0,0.015
3.534988,107,34.886,0,1.553
3.566766,108,31.778,0,1.555
3.601864,109,35.098,0,1.765
3.633437,110,31.573,0,1.760
3.666881,111,33.443,0,0.110
3.701554,112,34.673,0,1.340
3.733427,113,31.873,0,1.460
3.766764,114,33.337,0,0.004
3.800102,115,33.338,0,0.004
3.833433,116,33.331,0,0.002
3.866768,117,33.335,0,0.002
3.901498,118,34.730,0,1.397
3.933430,119,31.932,0,1.401
3.966757,120,33.327,0,0.006
4.000173,121,33.416,0,0.083
4.033934,122,33.761,0,0.428
4.068371,123,34.437,0,1.104
4.103173,124,34.802,0,1.469
4.135982,125,32.810,0,0.524
4.168188,126,32.205,0,1.128
4.200089,127,31.901,0,1.432
4.233429,128,33.340,0,0.006
4.269139,129,35.710,0,2.377
4.302250,130,33.111,0,0.222
4.333434,131,31.184,0,2.149
4.366760,132,33.325,0,0.008
4.403318,133,36.559,0,3.225
4.433431,134,30.113,0,3.221
4.466818,135,33.387,0,0.053
4.500099,136,33.281,0,0.052
4.533518,137,33.420,0,0.086
4.566757,138,33.238,0,0.095
4.600096,139,33.339,0,0.006
4.633432,140,33.336,0,0.003
4.666757,141,33.324,0,0.009
4.700633,142,33.876,0,0.543
4.733933,143,33.300,0,0.033
4.766753,144,32.820,0,0.513
4.800093,145,33.340,0,0.006
4.833426,146,33.333,0,0.000
4.866756,147,33.330,0,0.004
4.900091,148,33.335,0,0.002
4.933434,149,33.343,0,0.010
4.966760,150,33.326,0,0.007
5.000433,151,33.673,0,0.340
5.034441,152,34.008,0,0.675
5.067811,153,33.370,0,0.036
5.100090,154,32.279,0,1.054
5.133431,155,33.341,0,0.008
5.166753,156,33.321,0,0.012
5.200113,157,33.361,0,0.027
5.233430,158,33.317,0,0.016
5.267333,159,33.902,0,0.569
5.300093,160,32.760,0,0.573
5.333425,161,33.332,0,0.002
5.368005,162,34.580,0,1.247
5.400099,163,32.095,0,1.239
5.433431,164,33.332,0,0.001
5.466756,165,33.325,0,0.009
5.500093,166,33.337,0,0.004
5.533607,167,33.515,0,0.181
5.566771,168,33.164,0,0.170
5.600094,169,33.323,0,0.011
5.633433,170,33.339,0,0.006
5.667694,171,34.261,0,0.928
5.700089,172,32.395,0,0.939
5.733421,173,33.332,0,0.001
5.766760,174,33.339,0,0.006
5.800103,175,33.342,0,0.009
5.833429,176,33.326,0,0.007
5.866762,177,33.333,0,0.000
5.900092,178,33.330,0,0.004
5.937946,179,37.854,0,4.521
5.966767,180,28.821,0,4.512
6.008185,181,41.418,1,8.084
6.039348,182,31.164,0,2.170
6.073778,183,34.430,0,1.097
6.100814,184,27.036,0,6.297
6.137132,185,36.318,0,2.985
6.166763,186,29.631,0,3.702
6.200090,187,33.327,0,0.006
6.239681,188,39.590,0,6.257
6.266761,189,27.081,0,6.252
6.302052,190,35.291,0,1.958
6.333423,191,31.371,0,1.963
6.366771,192,33.348,0,0.014
6.400092,193,33.321,0,0.012
6.433434,194,33.342,0,0.008
6.466773,195,33.339,0,0.006
6.501849,196,35.076,0,1.743
6.534566,197,32.716,0,0.617
6.569324,198,34.758,0,1.425
6.603622,199,34.298,0,0.965
6.637906,200,34.284,0,0.951
6.666774,201,28.868,0,4.465
6.700977,202,34.203,0,0.870
6.733671,203,32.693,0,0.640
6.767564,204,33.893,0,0.560
6.803650,205,36.086,0,2.752
6.833434,206,29.785,0,3.549
6.866765,207,33.331,0,0.002
6.900549,208,33.784,0,0.450
6.933437,209,32.888,0,0.445
6.966768,210,33.331,0,0.002
7.000090,211,33.321,0,0.012
7.033428,212,33.338,0,0.005
7.066772,213,33.344,0,0.010
7.100578,214,33.807,0,0.474
7.133433,215,32.854,0,0.479
7.166769,216,33.336,0,0.003
7.200191,217,33.422,0,0.089
7.234464,218,34.273,0,0.940
7.266794,219,32.330,0,1.004
7.300092,220,33.298,0,0.035
7.335647,221,35.554,0,2.221
7.368248,222,32.602,0,0.731
7.402473,223,34.224,0,0.891
7.439464,224,36.991,0,3.658
7.469970,225,30.506,0,2.827
7.500090,226,30.120,0,3.213
7.533437,227,33.347,0,0.014
7.566774,228,33.336,0,0.003
7.600095,229,33.322,0,0.012
7.633430,230,33.335,0,0.001
7.666772,231,33.342,0,0.009
7.700129,232,33.357,0,0.024
7.733429,233,33.299,0,0.034
7.766763,234,33.334,0,0.001
7.800097,235,33.335,0,0.001
7.833619,236,33.522,0,0.189
7.867517,237,33.898,0,0.565
7.900089,238,32.572,0,0.761
7.933424,239,33.335,0,0.002
7.966766,240,33.342,0,0.009
8.000094,241,33.328,0,0.005
8.033424,242,33.330,0,0.003
8.066775,243,33.350,0,0.017
8.100991,244,34.216,0,0.883
8.133434,245,32.443,0,0.890
8.170836,246,37.402,0,4.068
8.200601,247,29.765,0,3.568
8.234058,248,33.458,0,0.124
8.267733,249,33.674,0,0.341
8.302501,250,34.768,0,1.435
8.333427,251,30.926,0,2.407
8.366780,252,33.352,0,0.019
8.404785,253,38.005,0,4.672
8.436970,254,32.186,0,1.148
8.466770,255,29.800,0,3.534
8.502055,256,35.285,0,1.952
8.535813,257,33.758,0,0.425
8.570104,258,34.291,0,0.957
8.600089,259,29.985,0,3.348
8.633437,260,33.347,0,0.014
8.666770,261,33.333,0,0.000
8.700098,262,33.329,0,0.005
8.733425,263,33.327,0,0.007
8.766768,264,33.343,0,0.010
8.800100,265,33.332,0,0.002
8.833422,266,33.323,0,0.011
8.866760,267,33.337,0,0.004
8.903032,268,36.272,0,2.939
8.935580,269,32.548,0,0.785
8.966773,270,31.193,0,2.141
9.000093,271,33.320,0,0.013
9.033424,272,33.331,0,0.002
9.066760,273,33.337,0,0.003
9.100103,274,33.343,0,0.009
9.134564,275,34.461,0,1.128
9.168474,276,33.910,0,0.576
9.200099,277,31.625,0,1.709
9.233422,278,33.324,0,0.010
9.267343,279,33.921,0,0.588
9.300097,280,32.754,0,0.580
9.333426,281,33.329,0,0.004
9.366768,282,33.341,0,0.008
9.400106,283,33.338,0,0.005
9.435260,284,35.154,0,1.820
9.466764,285,31.504,0,1.829
9.500111,286,33.347,0,0.014
9.533423,287,33.312,0,0.022
9.568470,288,35.047,0,1.713
9.603632,289,35.162,0,1.829
9.633421,290,29.789,0,3.545
9.666769,291,33.348,0,0.015
9.704623,292,37.854,0,4.521
9.736452,293,31.829,0,1.504
9.766765,294,30.313,0,3.021
9.800104,295,33.339,0,0.005
9.833430,296,33.326,0,0.007
9.866761,297,33.331,0,0.002
9.900096,298,33.335,0,0.002
9.933431,299,33.334,0,0.001
9.967342,300,33.911,0,0.578
10.000095,301,32.753,0,0.580
10.033431,302,33.336,0,0.003
10.066758,303,33.327,0,0.006
10.100098,304,33.340,0,0.007
10.133437,305,33.339,0,0.005
10.166765,306,33.328,0,0.006
10.200916,307,34.152,0,0.819
10.233422,308,32.506,0,0.828
10.266756,309,33.333,0,0.000
10.300091,310,33.335,0,0.002
10.336501,311,36.410,0,3.077
10.368352,312,31.851,0,1.482
10.403652,313,35.300,0,1.966
10.435964,314,32.312,0,1.021
10.466776,315,30.812,0,2.522
10.500665,316,33.889,0,0.556
10.534322,317,33.657,0,0.324
10.568689,318,34.367,0,1.034
10.600104,319,31.415,0,1.919
10.633438,320,33.334,0,0.001
10.666765,321,33.327,0,0.006
10.700106,322,33.341,0,0.007
10.735664,323,35.559,0,2.225
10.766960,324,31.296,0,2.037
10.800925,325,33.964,0,0.631
10.837365,326,36.440,0,3.107
10.867317,327,29.953,0,3.380
10.900092,328,32.775,0,0.558
10.933435,329,33.343,0,0.009
10.966767,330,33.331,0,0.002
11.000092,331,33.326,0,0.008
11.033426,332,33.333,0,0.000
11.066756,333,33.331,0,0.002
11.100066,334,33.310,0,0.024
11.135314,335,35.248,0,1.915
11.166759,336,31.445,0,1.888
11.200103,337,33.343,0,0.010
11.233440,338,33.338,0,0.004
11.266758,339,33.318,0,0.016
11.300096,340,33.338,0,0.005
11.334865,341,34.770,0,1.436
11.367305,342,32.440,0,0.894
11.400103,343,32.798,0,0.536
11.433438,344,33.335,0,0.002
11.466756,345,33.317,0,0.016
11.503196,346,36.440,0,3.107
11.533491,347,30.296,0,3.038
11.566758,348,33.267,0,0.066
11.600861,349,34.103,0,0.769
11.633436,350,32.575,0,0.758
11.668303,351,34.867,0,1.534
11.700093,352,31.790,0,1.543
11.733431,353,33.338,0,0.005
11.769098,354,35.667,0,2.334
11.803961,355,34.862,0,1.529
11.833424,356,29.463,0,3.870
11.866758,357,33.334,0,0.001
11.900085,358,33.327,0,0.006
11.933426,359,33.341,0,0.008
11.966757,360,33.331,0,0.002
12.000932,361,34.175,0,0.842
12.033983,362,33.051,0,0.282
12.067327,363,33.344,0,0.011
12.100088,364,32.761,0,0.573
12.134911,365,34.823,0,1.489
12.169265,366,34.355,0,1.022
12.200093,367,30.827,0,2.506
12.233432,368,33.339,0,0.006
12.266762,369,33.330,0,0.003
12.300419,370,33.657,0,0.323
12.333429,371,33.010,0,0.323
12.367326,372,33.898,0,0.564
12.400107,373,32.780,0,0.553
12.433436,374,33.329,0,0.004
12.466774,375,33.338,0,0.004
12.500093,376,33.319,0,0.014
12.533431,377,33.339,0,0.005
12.566773,378,33.341,0,0.008
12.603315,379,36.542,0,3.209
12.633428,380,30.113,0,3.220
12.673759,381,40.332,1,6.998
12.703112,382,29.353,0,3.981
12.733458,383,30.345,0,2.988
12.766763,384,33.305,0,0.028
12.800104,385,33.341,0,0.008
12.833423,386,33.319,0,0.014
12.866911,387,33.488,0,0.155
12.900090,388,33.178,0,0.155
12.933423,389,33.334,0,0.001
12.966762,390,33.338,0,0.005
13.000086,391,33.324,0,0.009
13.033783,392,33.697,0,0.364
13.067543,393,33.760,0,0.427
13.100257,394,32.714,0,0.619
13.133432,395,33.175,0,0.159
13.166770,396,33.338,0,0.005
13.200091,397,33.321,0,0.012
13.233798,398,33.708,0,0.374
13.269410,399,35.611,0,2.278
13.304452,400,35.042,0,1.709
13.333432,401,28.980,0,4.353
13.366767,402,33.335,0,0.002
13.400095,403,33.328,0,0.005
13.433436,404,33.342,0,0.008
13.466770,405,33.333,0,0.000
13.500087,406,33.317,0,0.016
13.533435,407,33.348,0,0.015
13.566770,408,33.335,0,0.002
13.600107,409,33.336,0,0.003
13.634950,410,34.844,0,1.510
13.666775,411,31.825,0,1.509
13.700106,412,33.331,0,0.002
13.735044,413,34.938,0,1.604
13.766764,414,31.720,0,1.613
13.802522,415,35.758,0,2.425
13.834352,416,31.830,0,1.504
13.866768,417,32.416,0,0.917
13.903946,418,37.178,0,3.844
13.933442,419,29.497,0,3.837
13.966762,420,33.320,0,0.014
14.000097,421,33.336,0,0.002
14.033431,422,33.333,0,0.000
14.068194,423,34.763,0,1.430
14.102197,424,34.003,0,0.670
14.135541,425,33.344,0,0.010
14.166772,426,31.231,0,2.103
14.200061,427,33.289,0,0.044
14.234024,428,33.963,0,0.630
14.266757,429,32.733,0,0.600
14.300642,430,33.885,0,0.552
14.333647,431,33.005,0,0.328
14.368935,432,35.288,0,1.954
14.400089,433,31.155,0,2.179
14.433435,434,33.346,0,0.013
14.466768,435,33.333,0,0.000
14.501553,436,34.785,0,1.452
14.535671,437,34.118,0,0.784
14.566767,438,31.096,0,2.237
14.600102,439,33.334,0,0.001
14.634134,440,34.032,0,0.699
14.667065,441,32.931,0,0.403
14.700183,442,33.118,0,0.215
14.733437,443,33.254,0,0.079
14.766764,444,33.327,0,0.007
14.800105,445,33.341,0,0.007
14.847312,446,47.207,1,13.874
14.866775,447,19.463,0,13.870
14.900099,448,33.324,0,0.010
14.934111,449,34.013,0,0.680
14.966764,450,32.653,0,0.681
15.000097,451,33.333,0,0.001
15.033867,452,33.771,0,0.437
15.066847,453,32.980,0,0.353
15.100105,454,33.258,0,0.075
15.135321,455,35.215,0,1.882
15.166765,456,31.445,0,1.889
15.200095,457,33.330,0,0.003
15.233423,458,33.328,0,0.006
15.266752,459,33.329,0,0.004
15.302421,460,35.669,0,2.336
15.336582,461,34.161,0,0.827
15.369872,462,33.290,0,0.043
15.400099,463,30.227,0,3.106
15.440864,464,40.765,1,7.432
15.466765,465,25.902,0,7.432
15.500101,466,33.336,0,0.002
15.533423,467,33.321,0,0.012
15.566762,468,33.340,0,0.006
15.600097,469,33.335,0,0.002
15.633425,470,33.328,0,0.005
15.668244,471,34.818,0,1.485
15.700119,472,31.875,0,1.458
15.733419,473,33.300,0,0.033
15.766800,474,33.381,0,0.048
15.800142,475,33.341,0,0.008
15.833505,476,33.363,0,0.030
15.866810,477,33.305,0,0.029
15.900138,478,33.329,0,0.005
15.933463,479,33.325,0,0.009
15.966803,480,33.340,0,0.006
16.000142,481,33.339,0,0.006
16.033455,482,33.312,0,0.021
16.066813,483,33.358,0,0.025
16.100141,484,33.328,0,0.005
16.133463,485,33.323,0,0.010
16.166809,486,33.345,0,0.012
16.200145,487,33.337,0,0.003
16.233456,488,33.311,0,0.023
16.266798,489,33.342,0,0.008
16.300138,490,33.340,0,0.007
16.333479,491,33.341,0,0.008
16.366807,492,33.328,0,0.005
16.400141,493,33.334,0,0.000
16.433478,494,33.337,0,0.003
16.466839,495,33.361,0,0.028
16.500159,496,33.321,0,0.013
16.533467,497,33.308,0,0.025
16.566809,498,33.341,0,0.008
16.600145,499,33.336,0,0.003
16.633467,500,33.322,0,0.012
16.666816,501,33.349,0,0.016
16.700135,502,33.319,0,0.014
16.733539,503,33.404,0,0.071
16.766827,504,33.288,0,0.045
16.800125,505,33.298,0,0.035
16.833455,506,33.329,0,0.004
16.866806,507,33.352,0,0.018
16.900140,508,33.334,0,0.000
16.933462,509,33.323,0,0.011
16.966796,510,33.334,0,0.001
17.000125,511,33.328,0,0.005
17.033459,512,33.335,0,0.002
17.066802,513,33.343,0,0.010
17.100147,514,33.345,0,0.012
17.133483,515,33.336,0,0.003
17.166799,516,33.316,0,0.018
17.200155,517,33.356,0,0.023
17.233460,518,33.305,0,0.028
17.266812,519,33.352,0,0.018
17.300159,520,33.347,0,0.014
17.333479,521,33.320,0,0.014
17.366810,522,33.331,0,0.002
17.400154,523,33.344,0,0.011
17.433462,524,33.308,0,0.025
17.466823,525,33.360,0,0.027
17.500149,526,33.326,0,0.007
17.533484,527,33.336,0,0.002
17.566829,528,33.345,0,0.012
17.600162,529,33.333,0,0.001
17.633460,530,33.299,0,0.035
17.666809,531,33.349,0,0.015
17.700156,532,33.347,0,0.014
17.733457,533,33.302,0,0.032
17.766843,534,33.385,0,0.052
17.800156,535,33.313,0,0.020
17.833472,536,33.316,0,0.018
17.866810,537,33.339,0,0.005
17.900138,538,33.328,0,0.006
17.933481,539,33.343,0,0.010
17.966829,540,33.348,0,0.015
18.000154,541,33.325,0,0.008
18.033464,542,33.310,0,0.023
18.066814,543,33.350,0,0.016
18.100148,544,33.334,0,0.000
18.133461,545,33.314,0,0.020
18.166808,546,33.347,0,0.013
18.200141,547,33.333,0,0.000
18.233451,548,33.310,0,0.023
18.266803,549,33.352,0,0.019
18.300135,550,33.332,0,0.002
18.333512,551,33.377,0,0.043
18.366806,552,33.294,0,0.039
18.400171,553,33.365,0,0.032
18.433489,554,33.318,0,0.016
18.466815,555,33.326,0,0.007
18.500143,556,33.328,0,0.006
18.533502,557,33.359,0,0.026
18.566813,558,33.312,0,0.022
18.600146,559,33.333,0,0.001
18.633492,560,33.346,0,0.013
18.666829,561,33.337,0,0.003
18.700151,562,33.322,0,0.011
18.733486,563,33.335,0,0.002
18.766827,564,33.341,0,0.007
18.800148,565,33.321,0,0.013
18.833481,566,33.333,0,0.000
18.866825,567,33.344,0,0.011
18.900157,568,33.332,0,0.001
18.933502,569,33.345,0,0.011
18.966830,570,33.329,0,0.005
19.000144,571,33.314,0,0.019
19.033482,572,33.337,0,0.004
19.066804,573,33.322,0,0.011
19.100147,574,33.343,0,0.010
19.133488,575,33.342,0,0.008
19.166806,576,33.318,0,0.016
19.200171,577,33.365,0,0.031
19.233477,578,33.307,0,0.027
19.266806,579,33.329,0,0.004
19.300147,580,33.341,0,0.008
19.333479,581,33.331,0,0.002
19.366800,582,33.322,0,0.012
19.400152,583,33.352,0,0.019
19.433479,584,33.327,0,0.006
19.466827,585,33.347,0,0.014
19.500159,586,33.333,0,0.001
19.533483,587,33.324,0,0.009
19.566808,588,33.325,0,0.008
19.600150,589,33.341,0,0.008
19.633488,590,33.338,0,0.005
19.666805,591,33.317,0,0.016
19.700140,592,33.336,0,0.002
19.733469,593,33.329,0,0.005
19.766820,594,33.351,0,0.018
19.800143,595,33.323,0,0.011
19.833465,596,33.322,0,0.011
19.866808,597,33.343,0,0.010
19.900134,598,33.326,0,0.007
19.933476,599,33.342,0,0.009
19.966806,600,33.330,0,0.003
20.000135,601,33.329,0,0.004
20.033460,602,33.325,0,0.008
20.066803,603,33.343,0,0.010
20.100145,604,33.341,0,0.008
20.133476,605,33.332,0,0.002
20.166808,606,33.332,0,0.001
20.200147,607,33.339,0,0.006
20.233473,608,33.325,0,0.008
20.266792,609,33.319,0,0.014
20.300142,610,33.350,0,0.017
20.333483,611,33.341,0,0.007
20.366799,612,33.317,0,0.017
20.400146,613,33.347,0,0.013
20.433479,614,33.333,0,0.000
20.466818,615,33.339,0,0.005
20.500180,616,33.362,0,0.029
20.533473,617,33.293,0,0.041
20.566819,618,33.346,0,0.013
20.600147,619,33.328,0,0.006
20.633474,620,33.327,0,0.006
20.666799,621,33.325,0,0.008
20.700135,622,33.336,0,0.002
20.733466,623,33.331,0,0.002
20.766814,624,33.349,0,0.015
20.800150,625,33.335,0,0.002
20.833465,626,33.316,0,0.018
20.866800,627,33.335,0,0.001
20.900141,628,33.341,0,0.008
20.933484,629,33.343,0,0.010
20.966803,630,33.319,0,0.014
21.000147,631,33.344,0,0.011
21.033459,632,33.312,0,0.021
21.066823,633,33.363,0,0.030
21.100191,634,33.369,0,0.035
21.133524,635,33.333,0,0.000
21.166809,636,33.285,0,0.048
21.200134,637,33.325,0,0.009
21.233459,638,33.324,0,0.009
21.266788,639,33.329,0,0.004
21.300133,640,33.346,0,0.012
21.333473,641,33.339,0,0.006
21.366795,642,33.323,0,0.011
21.400131,643,33.336,0,0.002
21.433467,644,33.336,0,0.003
21.466823,645,33.355,0,0.022
21.500166,646,33.343,0,0.010
21.533487,647,33.321,0,0.012
21.566811,648,33.324,0,0.010
21.600158,649,33.348,0,0.014
21.633488,650,33.329,0,0.004
21.666819,651,33.331,0,0.002
21.700161,652,33.342,0,0.009
21.733477,653,33.316,0,0.017
21.766796,654,33.319,0,0.014
21.800157,655,33.361,0,0.028
21.833470,656,33.314,0,0.020
21.866791,657,33.321,0,0.012
21.900154,658,33.363,0,0.029
21.933485,659,33.331,0,0.003
21.966862,660,33.377,0,0.044
22.000141,661,33.279,0,0.054
22.033475,662,33.334,0,0.001
22.066831,663,33.355,0,0.022
22.100140,664,33.309,0,0.024
22.133496,665,33.356,0,0.023
22.166790,666,33.294,0,0.039
22.200175,667,33.385,0,0.051
22.233533,668,33.359,0,0.025
22.266797,669,33.263,0,0.070
22.300142,670,33.345,0,0.012
22.333478,671,33.336,0,0.003
22.366821,672,33.343,0,0.009
22.400109,673,33.288,0,0.045
22.433439,674,33.330,0,0.003
22.466880,675,33.441,0,0.107
22.500225,676,33.346,0,0.012
22.533625,677,33.399,0,0.066
22.567011,678,33.387,0,0.053
22.600980,679,33.969,0,0.636
22.633861,680,32.880,0,0.453
22.666988,681,33.128,0,0.206
22.701017,682,34.029,0,0.695
22.733943,683,32.925,0,0.408
22.767048,684,33.106,0,0.228
22.800764,685,33.716,0,0.383
22.834084,686,33.319,0,0.014
22.866988,687,32.904,0,0.429
22.900693,688,33.705,0,0.371
22.933573,689,32.880,0,0.454
22.966910,690,33.338,0,0.004
23.000206,691,33.296,0,0.037
23.033700,692,33.494,0,0.161
23.067033,693,33.333,0,0.000
23.100190,694,33.157,0,0.177
23.133582,695,33.392,0,0.058
23.166982,696,33.401,0,0.067
23.200183,697,33.201,0,0.132
23.233529,698,33.346,0,0.013
23.266798,699,33.269,0,0.065
23.300304,700,33.506,0,0.172
23.333683,701,33.379,0,0.046
23.366988,702,33.305,0,0.028
23.400323,703,33.335,0,0.002
23.433734,704,33.411,0,0.077
23.467254,705,33.520,0,0.187
23.500303,706,33.049,0,0.284
23.533640,707,33.337,0,0.004
23.566935,708,33.295,0,0.039
23.600254,709,33.319,0,0.014
23.633604,710,33.350,0,0.016
23.666920,711,33.316,0,0.017
23.700250,712,33.330,0,0.003
23.733592,713,33.342,0,0.008
23.766897,714,33.305,0,0.028
23.800180,715,33.283,0,0.051
23.833582,716,33.402,0,0.069
23.866857,717,33.275,0,0.058
23.900261,718,33.404,0,0.071
23.933657,719,33.395,0,0.062
23.966850,720,33.194,0,0.140
24.000185,721,33.335,0,0.001
24.033690,722,33.505,0,0.172
24.066874,723,33.184,0,0.150
24.100374,724,33.501,0,0.167
24.133665,725,33.291,0,0.042
24.166873,726,33.207,0,0.126
24.200162,727,33.289,0,0.044
24.233492,728,33.330,0,0.003
24.266815,729,33.323,0,0.010
24.300189,730,33.374,0,0.041
24.333523,731,33.334,0,0.000
24.366840,732,33.317,0,0.016
24.400160,733,33.320,0,0.014
24.433544,734,33.384,0,0.051
24.466842,735,33.298,0,0.036
24.500327,736,33.485,0,0.152
24.533670,737,33.342,0,0.009
24.566936,738,33.266,0,0.067
24.600170,739,33.234,0,0.099
24.633533,740,33.363,0,0.030
24.666860,741,33.327,0,0.006
24.700168,742,33.308,0,0.026
24.733600,743,33.432,0,0.099
24.766865,744,33.265,0,0.068
24.800173,745,33.308,0,0.026
24.833597,746,33.424,0,0.090
24.866893,747,33.296,0,0.037
24.900258,748,33.365,0,0.032
24.933511,749,33.253,0,0.080
24.966872,750,33.361,0,0.027
25.000140,751,33.268,0,0.065
25.033606,752,33.466,0,0.133
25.066997,753,33.391,0,0.058
25.100202,754,33.205,0,0.128
25.133609,755,33.407,0,0.074
25.166931,756,33.322,0,0.011
25.200261,757,33.330,0,0.004
25.233607,758,33.347,0,0.013
25.266874,759,33.266,0,0.067
25.300271,760,33.397,0,0.064
25.333530,761,33.259,0,0.075
25.366921,762,33.391,0,0.058
25.400194,763,33.273,0,0.060
25.433497,764,33.303,0,0.030
25.467011,765,33.514,0,0.181
25.500219,766,33.207,0,0.126
25.533638,767,33.419,0,0.086
25.566957,768,33.319,0,0.014
25.600181,769,33.225,0,0.109
25.633506,770,33.324,0,0.009
25.666805,771,33.299,0,0.034
25.700176,772,33.371,0,0.038
25.733653,773,33.476,0,0.143
25.766918,774,33.265,0,0.068
25.800170,775,33.252,0,0.082
25.833487,776,33.317,0,0.016
25.866927,777,33.440,0,0.106
25.900144,778,33.218,0,0.116
25.933500,779,33.356,0,0.022
25.966798,780,33.298,0,0.035
26.000142,781,33.344,0,0.011
26.033636,782,33.494,0,0.161
26.066923,783,33.287,0,0.046
26.100239,784,33.316,0,0.017
26.133502,785,33.262,0,0.071
26.167040,786,33.538,0,0.205
26.200191,787,33.151,0,0.182
26.233935,788,33.745,0,0.411
26.267386,789,33.451,0,0.118
26.300618,790,33.231,0,0.102
26.334154,791,33.536,0,0.203
26.367961,792,33.807,0,0.474
26.400396,793,32.435,0,0.898
26.433755,794,33.359,0,0.025
26.467447,795,33.692,0,0.358
26.500328,796,32.881,0,0.452
26.533978,797,33.650,0,0.316
26.566928,798,32.950,0,0.384
26.600712,799,33.784,0,0.451
26.634100,800,33.388,0,0.055
26.667429,801,33.329,0,0.005
26.700796,802,33.367,0,0.034
26.733703,803,32.907,0,0.426
26.767069,804,33.366,0,0.033
26.800276,805,33.207,0,0.126
26.833501,806,33.225,0,0.109
26.867344,807,33.843,0,0.510
26.900393,808,33.049,0,0.284
26.933755,809,33.362,0,0.029
26.967430,810,33.675,0,0.342
27.000643,811,33.213,0,0.120
27.033948,812,33.305,0,0.029
27.067499,813,33.551,0,0.218
27.100301,814,32.802,0,0.531
27.133888,815,33.587,0,0.253
27.166823,816,32.936,0,0.398
27.200131,817,33.307,0,0.026
27.233489,818,33.359,0,0.025
27.266908,819,33.419,0,0.086
27.300228,820,33.319,0,0.014
27.333615,821,33.387,0,0.053
27.390381,822,56.767,1,23.434
27.400128,823,9.747,0,23.587
27.433640,824,33.512,0,0.178
27.466842,825,33.202,0,0.131
27.500610,826,33.768,0,0.435
27.533845,827,33.235,0,0.099
27.566948,828,33.104,0,0.229
27.600659,829,33.711,0,0.377
27.633763,830,33.103,0,0.230
27.667489,831,33.726,0,0.393
27.700262,832,32.773,0,0.560
27.734177,833,33.915,0,0.581
27.766962,834,32.785,0,0.548
27.800262,835,33.300,0,0.033
27.833754,836,33.492,0,0.159
27.867249,837,33.494,0,0.161
27.900819,838,33.571,0,0.237
27.934150,839,33.331,0,0.003
27.966972,840,32.822,0,0.511
28.000700,841,33.728,0,0.395
28.034112,842,33.412,0,0.078
28.066974,843,32.863,0,0.471
28.100737,844,33.762,0,0.429
28.133706,845,32.969,0,0.364
28.167391,846,33.686,0,0.352
28.200762,847,33.371,0,0.038
28.234150,848,33.387,0,0.054
28.267472,849,33.322,0,0.011
28.300743,850,33.271,0,0.062
28.333770,851,33.027,0,0.306
28.367461,852,33.691,0,0.358
28.400698,853,33.237,0,0.096
28.434116,854,33.418,0,0.085
28.467457,855,33.341,0,0.007
28.500769,856,33.312,0,0.021
28.533722,857,32.953,0,0.381
28.567058,858,33.337,0,0.003
28.600196,859,33.138,0,0.196
28.634080,860,33.884,0,0.551
28.666946,861,32.866,0,0.467
28.700950,862,34.004,0,0.670
28.733652,863,32.702,0,0.631
28.767023,864,33.372,0,0.038
28.800298,865,33.275,0,0.059
28.833608,866,33.310,0,0.024
28.866824,867,33.216,0,0.117
28.900258,868,33.435,0,0.101
28.933606,869,33.347,0,0.014
28.966867,870,33.262,0,0.072
29.000280,871,33.412,0,0.079
29.033653,872,33.373,0,0.040
29.067427,873,33.775,0,0.441
29.100659,874,33.232,0,0.102
29.134150,875,33.491,0,0.158
29.167254,876,33.104,0,0.229
29.200369,877,33.115,0,0.218
29.234077,878,33.707,0,0.374
29.266970,879,32.894,0,0.440
29.300322,880,33.352,0,0.019
29.334109,881,33.786,0,0.453
29.367110,882,33.002,0,0.332
29.400610,883,33.500,0,0.167
29.434092,884,33.482,0,0.149
29.467466,885,33.373,0,0.040
29.500751,886,33.285,0,0.048
29.533628,887,32.877,0,0.456
29.566982,888,33.354,0,0.020
29.600392,889,33.410,0,0.077
29.633646,890,33.254,0,0.079
29.667431,891,33.785,0,0.452
29.700582,892,33.151,0,0.183
29.734531,893,33.949,0,0.616
29.766959,894,32.428,0,0.905
29.800281,895,33.321,0,0.012
29.834163,896,33.882,0,0.549
29.867022,897,32.859,0,0.474
29.900165,898,33.143,0,0.190
29.934119,899,33.954,0,0.621
29.967461,900,33.342,0,0.009
30.000833,901,33.373,0,0.039
30.034157,902,33.324,0,0.009
30.067791,903,33.634,0,0.301
30.100273,904,32.481,0,0.852
30.133958,905,33.685,0,0.352
30.167485,906,33.527,0,0.194
30.200340,907,32.855,0,0.478
30.234079,908,33.739,0,0.406
30.267425,909,33.346,0,0.013
30.300202,910,32.777,0,0.556
30.333660,911,33.458,0,0.125
30.366813,912,33.153,0,0.180
30.400304,913,33.491,0,0.158
30.433670,914,33.366,0,0.032
30.467010,915,33.340,0,0.007
30.500263,916,33.254,0,0.080
30.533716,917,33.453,0,0.119
30.567519,918,33.803,0,0.470
30.600639,919,33.119,0,0.214
30.633972,920,33.334,0,0.000
30.667085,921,33.113,0,0.220
30.700787,922,33.701,0,0.368
30.734013,923,33.226,0,0.107
30.767012,924,32.999,0,0.334
30.800367,925,33.355,0,0.022
30.834038,926,33.671,0,0.338
30.867475,927,33.437,0,0.103
30.900624,928,33.149,0,0.184
30.933765,929,33.140,0,0.193
30.967556,930,33.792,0,0.458
31.000689,931,33.133,0,0.200
31.034145,932,33.456,0,0.123
31.066854,933,32.709,0,0.625
31.100378,934,33.524,0,0.191
31.133484,935,33.106,0,0.227
31.167126,936,33.642,0,0.309
31.200831,937,33.704,0,0.371
31.234139,938,33.309,0,0.025
31.267150,939,33.011,0,0.322
31.300687,940,33.537,0,0.203
31.333622,941,32.935,0,0.399
31.366841,942,33.219,0,0.114
31.400163,943,33.322,0,0.011
31.433517,944,33.354,0,0.020
31.467077,945,33.561,0,0.227
31.500200,946,33.123,0,0.210
31.533561,947,33.361,0,0.027
31.567087,948,33.526,0,0.192
31.600176,949,33.089,0,0.244
31.633676,950,33.500,0,0.167
31.666880,951,33.204,0,0.130
31.700396,952,33.517,0,0.183
31.733630,953,33.233,0,0.100
31.766956,954,33.326,0,0.007
31.800185,955,33.229,0,0.104
31.834123,956,33.938,0,0.605
31.867507,957,33.384,0,0.050
31.900823,958,33.316,0,0.017
31.933679,959,32.855,0,0.478
31.967125,960,33.447,0,0.114
32.000154,961,33.028,0,0.305
32.034151,962,33.997,0,0.664
32.067402,963,33.250,0,0.083
32.100298,964,32.896,0,0.437
32.133594,965,33.296,0,0.038
32.167148,966,33.554,0,0.221
32.200147,967,32.999,0,0.334
32.233931,968,33.784,0,0.451
32.267067,969,33.136,0,0.197
32.300379,970,33.311,0,0.022
32.333483,971,33.105,0,0.228
32.367448,972,33.964,0,0.631
32.400179,973,32.731,0,0.602
32.433670,974,33.491,0,0.158
32.467354,975,33.684,0,0.351
32.500550,976,33.196,0,0.137
32.533705,977,33.155,0,0.179
32.567073,978,33.369,0,0.035
32.600736,979,33.662,0,0.329
32.634137,980,33.402,0,0.068
32.667145,981,33.007,0,0.326
32.700557,982,33.412,0,0.079
32.733806,983,33.249,0,0.084
32.767106,984,33.300,0,0.034
32.800272,985,33.166,0,0.168
32.834135,986,33.863,0,0.530
32.867110,987,32.975,0,0.358
32.900662,988,33.552,0,0.218
32.933964,989,33.302,0,0.031
32.967515,990,33.551,0,0.218
33.000344,991,32.829,0,0.504
33.033580,992,33.236,0,0.098
33.067932,993,34.352,0,1.018
33.100447,994,32.515,0,0.818
33.133805,995,33.358,0,0.024
33.167232,996,33.427,0,0.094
33.200211,997,32.979,0,0.354
33.233972,998,33.762,0,0.428
33.267418,999,33.445,0,0.112
33.300392,1000,32.974,0,0.359
33.334097,1001,33.705,0,0.371
33.367094,1002,32.997,0,0.336
33.400726,1003,33.632,0,0.299
33.434140,1004,33.413,0,0.080
33.467505,1005,33.365,0,0.032
33.500169,1006,32.664,0,0.669
33.534137,1007,33.968,0,0.635
33.567239,1008,33.102,0,0.231
33.600239,1009,32.999,0,0.334
33.633755,1010,33.517,0,0.183
33.666965,1011,33.210,0,0.124
33.700306,1012,33.342,0,0.008
33.733680,1013,33.374,0,0.040
33.767006,1014,33.326,0,0.007
33.800582,1015,33.575,0,0.242
33.833685,1016,33.103,0,0.230
33.867131,1017,33.446,0,0.113
33.900217,1018,33.086,0,0.248
33.934020,1019,33.804,0,0.470
33.967355,1020,33.335,0,0.002
34.000558,1021,33.203,0,0.130
34.033815,1022,33.257,0,0.077
34.067039,1023,33.225,0,0.109
34.100356,1024,33.317,0,0.017
34.134020,1025,33.664,0,0.331
34.167122,1026,33.102,0,0.231
34.200643,1027,33.521,0,0.187
34.234135,1028,33.492,0,0.158
34.267524,1029,33.389,0,0.056
34.300760,1030,33.237,0,0.097
34.334105,1031,33.344,0,0.011
34.367440,1032,33.335,0,0.002
34.400774,1033,33.335,0,0.001
34.434095,1034,33.321,0,0.013
34.467683,1035,33.588,0,0.255
34.500614,1036,32.931,0,0.402
34.533790,1037,33.176,0,0.158
34.567079,1038,33.289,0,0.044
34.600590,1039,33.511,0,0.178
34.634068,1040,33.478,0,0.144
34.667373,1041,33.305,0,0.028
34.700278,1042,32.905,0,0.429
34.733658,1043,33.380,0,0.047
34.766980,1044,33.322,0,0.011
34.800581,1045,33.601,0,0.268
34.833663,1046,33.082,0,0.251
34.867419,1047,33.756,0,0.423
34.900633,1048,33.214,0,0.119
34.933905,1049,33.272,0,0.061
34.967067,1050,33.161,0,0.172
35.000481,1051,33.415,0,0.081
35.033900,1052,33.418,0,0.085
35.067479,1053,33.579,0,0.246
35.100278,1054,32.799,0,0.534
35.133478,1055,33.201,0,0.133
35.167412,1056,33.934,0,0.600
35.200675,1057,33.263,0,0.071
35.234005,1058,33.330,0,0.003
35.267029,1059,33.024,0,0.309
35.300180,1060,33.151,0,0.182
35.333503,1061,33.323,0,0.010
35.366880,1062,33.377,0,0.043
35.400296,1063,33.416,0,0.083
35.433508,1064,33.212,0,0.121
35.466962,1065,33.454,0,0.121
35.500162,1066,33.200,0,0.134
35.533512,1067,33.351,0,0.017
35.567000,1068,33.488,0,0.155
35.600440,1069,33.440,0,0.107
35.633622,1070,33.182,0,0.151
35.666968,1071,33.346,0,0.013
35.700260,1072,33.291,0,0.042
35.733565,1073,33.306,0,0.028
35.767119,1074,33.554,0,0.220
35.800253,1075,33.134,0,0.199
35.833531,1076,33.278,0,0.055
35.866935,1077,33.404,0,0.071
35.900262,1078,33.327,0,0.006
35.933496,1079,33.234,0,0.099
35.966995,1080,33.498,0,0.165
36.000231,1081,33.237,0,0.097
36.033545,1082,33.314,0,0.020
36.066986,1083,33.441,0,0.107
36.100244,1084,33.258,0,0.075
36.133641,1085,33.397,0,0.064
36.167134,1086,33.493,0,0.159
36.200281,1087,33.148,0,0.186
36.233697,1088,33.416,0,0.082
36.266903,1089,33.206,0,0.128
36.300212,1090,33.309,0,0.024
36.333500,1091,33.288,0,0.045
36.366963,1092,33.463,0,0.129
36.400202,1093,33.239,0,0.095
36.433539,1094,33.337,0,0.004
36.466935,1095,33.397,0,0.063
36.500218,1096,33.282,0,0.051
36.533497,1097,33.280,0,0.054
36.567061,1098,33.564,0,0.231
36.600180,1099,33.119,0,0.215
36.633626,1100,33.446,0,0.113
36.666947,1101,33.320,0,0.013
36.700189,1102,33.242,0,0.091
36.733522,1103,33.333,0,0.000
36.766971,1104,33.449,0,0.116
36.800977,1105,34.006,0,0.673
36.833629,1106,32.652,0,0.681
36.867221,1107,33.592,0,0.258
36.900736,1108,33.515,0,0.182
36.933986,1109,33.251,0,0.083
36.967237,1110,33.251,0,0.082
37.000609,1111,33.372,0,0.038
37.034108,1112,33.499,0,0.166
37.066888,1113,32.780,0,0.553
37.100254,1114,33.366,0,0.033
37.133509,1115,33.255,0,0.078
37.166989,1116,33.480,0,0.147
37.200384,1117,33.395,0,0.062
37.233546,1118,33.162,0,0.172
37.266995,1119,33.449,0,0.116
37.300343,1120,33.348,0,0.014
37.333893,1121,33.550,0,0.217
37.367487,1122,33.594,0,0.261
37.400716,1123,33.229,0,0.105
37.434132,1124,33.416,0,0.083
37.467358,1125,33.226,0,0.107
37.500717,1126,33.359,0,0.026
37.533747,1127,33.029,0,0.304
37.567032,1128,33.286,0,0.048
37.600534,1129,33.502,0,0.169
37.634163,1130,33.628,0,0.295
37.667248,1131,33.085,0,0.248
37.700814,1132,33.566,0,0.233
37.734141,1133,33.327,0,0.006
37.766994,1134,32.853,0,0.481
37.800230,1135,33.236,0,0.097
37.833704,1136,33.474,0,0.141
37.867454,1137,33.750,0,0.416
37.900631,1138,33.177,0,0.157
37.934198,1139,33.568,0,0.234
37.967453,1140,33.255,0,0.079
38.000553,1141,33.100,0,0.233
38.033939,1142,33.386,0,0.053
38.067053,1143,33.113,0,0.220
38.100621,1144,33.569,0,0.235
38.133955,1145,33.334,0,0.000
38.167485,1146,33.531,0,0.197
38.200310,1147,32.825,0,0.509
38.234153,1148,33.843,0,0.509
38.266998,1149,32.845,0,0.488
38.300152,1150,33.154,0,0.179
38.333503,1151,33.351,0,0.017
38.367391,1152,33.888,0,0.555
38.400372,1153,32.980,0,0.353
38.434171,1154,33.799,0,0.466
38.467493,1155,33.322,0,0.012
38.500617,1156,33.124,0,0.210
38.533881,1157,33.265,0,0.068
38.567042,1158,33.160,0,0.173
38.600354,1159,33.313,0,0.020
38.634141,1160,33.786,0,0.453
38.667525,1161,33.385,0,0.051
38.700607,1162,33.082,0,0.252
38.734166,1163,33.559,0,0.226
38.767158,1164,32.992,0,0.341
38.800590,1165,33.432,0,0.099
38.834173,1166,33.582,0,0.249
38.867392,1167,33.219,0,0.114
38.900792,1168,33.400,0,0.066
38.933921,1169,33.130,0,0.204
38.967128,1170,33.207,0,0.126
39.000744,1171,33.615,0,0.282
39.034157,1172,33.413,0,0.080
39.067363,1173,33.205,0,0.128
39.100679,1174,33.317,0,0.017
39.134049,1175,33.369,0,0.036
39.167072,1176,33.023,0,0.310
39.200360,1177,33.289,0,0.045
39.234051,1178,33.691,0,0.358
39.267452,1179,33.400,0,0.067
39.300344,1180,32.892,0,0.441
39.333647,1181,33.303,0,0.030
39.367471,1182,33.824,0,0.491
39.400619,1183,33.148,0,0.185
39.433776,1184,33.157,0,0.176
39.467194,1185,33.418,0,0.084
39.500272,1186,33.078,0,0.255
39.533883,1187,33.611,0,0.278
39.567464,1188,33.581,0,0.247
39.600621,1189,33.157,0,0.176
39.633567,1190,32.946,0,0.388
39.666976,1191,33.409,0,0.076
39.700644,1192,33.668,0,0.335
39.734138,1193,33.494,0,0.161
39.767063,1194,32.925,0,0.408
39.800211,1195,33.148,0,0.186
39.833476,1196,33.265,0,0.068
39.866878,1197,33.402,0,0.068
39.900247,1198,33.369,0,0.036
39.933551,1199,33.304,0,0.030
39.966994,1200,33.443,0,0.109
40.000243,1201,33.249,0,0.084
40.033486,1202,33.243,0,0.090
40.067047,1203,33.561,0,0.228
40.100188,1204,33.142,0,0.192
40.133520,1205,33.332,0,0.002
40.166976,1206,33.456,0,0.123
40.200634,1207,33.658,0,0.324
40.234132,1208,33.498,0,0.165
40.267349,1209,33.216,0,0.117
40.300743,1210,33.394,0,0.061
40.334094,1211,33.352,0,0.018
40.366943,1212,32.848,0,0.485
40.400631,1213,33.688,0,0.355
40.433953,1214,33.322,0,0.011
40.467048,1215,33.096,0,0.238
40.501137,1216,34.089,0,0.756
40.533826,1217,32.689,0,0.645
40.566962,1218,33.136,0,0.197
40.600268,1219,33.306,0,0.027
40.633541,1220,33.273,0,0.060
40.666981,1221,33.441,0,0.107
40.700177,1222,33.196,0,0.138
40.733533,1223,33.355,0,0.022
40.766836,1224,33.304,0,0.030
40.800364,1225,33.528,0,0.194
40.833950,1226,33.586,0,0.252
40.866914,1227,32.964,0,0.370
40.900202,1228,33.289,0,0.045
40.933493,1229,33.291,0,0.042
40.966854,1230,33.361,0,0.027
41.000207,1231,33.353,0,0.020
41.033632,1232,33.425,0,0.091
41.066853,1233,33.222,0,0.112
41.100182,1234,33.329,0,0.005
41.133490,1235,33.308,0,0.025
41.166919,1236,33.429,0,0.095
41.200329,1237,33.410,0,0.077
41.233593,1238,33.265,0,0.069
41.266853,1239,33.260,0,0.074
41.300219,1240,33.366,0,0.033
41.333545,1241,33.325,0,0.008
41.366855,1242,33.311,0,0.023
41.400284,1243,33.429,0,0.095
41.433614,1244,33.330,0,0.003
41.466853,1245,33.239,0,0.094
41.500204,1246,33.352,0,0.018
41.533575,1247,33.371,0,0.037
41.566929,1248,33.354,0,0.020
41.600720,1249,33.792,0,0.458
41.633690,1250,32.970,0,0.364
41.667492,1251,33.802,0,0.468
41.700326,1252,32.834,0,0.499
41.733693,1253,33.367,0,0.034
41.766972,1254,33.278,0,0.055
41.800177,1255,33.205,0,0.128
41.833860,1256,33.683,0,0.349
41.867103,1257,33.243,0,0.090
41.900779,1258,33.676,0,0.343
41.933685,1259,32.907,0,0.427
41.967527,1260,33.842,0,0.508
42.000208,1261,32.681,0,0.652
42.033605,1262,33.397,0,0.064
42.067243,1263,33.638,0,0.304
42.100370,1264,33.127,0,0.206
42.134091,1265,33.721,0,0.388
42.167404,1266,33.313,0,0.021
42.200336,1267,32.932,0,0.401
42.233737,1268,33.401,0,0.067
42.267562,1269,33.825,0,0.492
42.300203,1270,32.641,0,0.692
42.334072,1271,33.869,0,0.536
42.366932,1272,32.861,0,0.472
42.400223,1273,33.290,0,0.043
42.433877,1274,33.655,0,0.321
42.467036,1275,33.159,0,0.174
42.500269,1276,33.233,0,0.100
42.533615,1277,33.346,0,0.013
42.566827,1278,33.212,0,0.122
42.600394,1279,33.567,0,0.234
42.633620,1280,33.225,0,0.108
42.666877,1281,33.258,0,0.076
42.700146,1282,33.269,0,0.064
42.733927,1283,33.781,0,0.447
42.767057,1284,33.130,0,0.203
42.801019,1285,33.962,0,0.629
42.833784,1286,32.765,0,0.569
42.867483,1287,33.699,0,0.366
42.900660,1288,33.177,0,0.156
42.934119,1289,33.459,0,0.125
42.966988,1290,32.870,0,0.464
43.000591,1291,33.603,0,0.270
43.034092,1292,33.500,0,0.167
43.067446,1293,33.354,0,0.021
43.100285,1294,32.839,0,0.495
43.134114,1295,33.829,0,0.496
43.167421,1296,33.307,0,0.027
43.200800,1297,33.379,0,0.046
43.234154,1298,33.354,0,0.021
43.266979,1299,32.825,0,0.509
43.300423,1300,33.445,0,0.111
43.334108,1301,33.685,0,0.352
43.367382,1302,33.274,0,0.060
43.400589,1303,33.207,0,0.126
43.433790,1304,33.201,0,0.133
43.467210,1305,33.420,0,0.087
43.500287,1306,33.078,0,0.255
43.533675,1307,33.387,0,0.054
43.567269,1308,33.594,0,0.261
43.600804,1309,33.534,0,0.201
43.634158,1310,33.355,0,0.021
43.667407,1311,33.249,0,0.084
43.700281,1312,32.874,0,0.459
43.734161,1313,33.879,0,0.546
43.766999,1314,32.838,0,0.495
43.800352,1315,33.353,0,0.020
43.834112,1316,33.760,0,0.426
43.867458,1317,33.347,0,0.013
43.900726,1318,33.268,0,0.065
43.934024,1319,33.297,0,0.036
43.967445,1320,33.421,0,0.088
44.000198,1321,32.753,0,0.581
44.033599,1322,33.401,0,0.068
44.066935,1323,33.336,0,0.003
44.100218,1324,33.283,0,0.050
44.133561,1325,33.343,0,0.010
44.166866,1326,33.305,0,0.029
44.200305,1327,33.440,0,0.106
44.233532,1328,33.227,0,0.106
44.266889,1329,33.357,0,0.023
44.300202,1330,33.313,0,0.021
44.333631,1331,33.429,0,0.096
44.366850,1332,33.219,0,0.114
44.400698,1333,33.848,0,0.514
44.434150,1334,33.452,0,0.119
44.467397,1335,33.247,0,0.086
44.500821,1336,33.424,0,0.091
44.534104,1337,33.282,0,0.051
44.566841,1338,32.737,0,0.596
44.600293,1339,33.453,0,0.119
44.633889,1340,33.595,0,0.262
44.667095,1341,33.206,0,0.128
44.700692,1342,33.597,0,0.264
44.733951,1343,33.259,0,0.074
44.767032,1344,33.081,0,0.253
44.800803,1345,33.772,0,0.438
44.833732,1346,32.929,0,0.405
44.867456,1347,33.724,0,0.391
44.900657,1348,33.201,0,0.132
44.934044,1349,33.387,0,0.054
44.967427,1350,33.382,0,0.049
45.000616,1351,33.190,0,0.143
45.034097,1352,33.480,0,0.147
45.067626,1353,33.529,0,0.196
45.100308,1354,32.682,0,0.651
45.133752,1355,33.444,0,0.111
45.167449,1356,33.696,0,0.363
45.200649,1357,33.201,0,0.133
45.234076,1358,33.427,0,0.093
45.267605,1359,33.529,0,0.196
45.300392,1360,32.787,0,0.547
45.333538,1361,33.146,0,0.187
45.367253,1362,33.715,0,0.382
45.400372,1363,33.120,0,0.214
45.433752,1364,33.380,0,0.046
45.466939,1365,33.187,0,0.146
45.500259,1366,33.320,0,0.013
45.533759,1367,33.500,0,0.167
45.567346,1368,33.586,0,0.253
45.600388,1369,33.042,0,0.291
45.633606,1370,33.218,0,0.115
45.666963,1371,33.357,0,0.024
45.700354,1372,33.391,0,0.058
45.733638,1373,33.284,0,0.049
45.766979,1374,33.340,0,0.007
45.800774,1375,33.796,0,0.462
45.834079,1376,33.305,0,0.029
45.867401,1377,33.322,0,0.012
45.900717,1378,33.316,0,0.017
45.933947,1379,33.230,0,0.103
45.967449,1380,33.502,0,0.169
46.000767,1381,33.319,0,0.015
46.033954,1382,33.186,0,0.147
46.066948,1383,32.994,0,0.339
46.100394,1384,33.446,0,0.113
46.133734,1385,33.340,0,0.007
46.167080,1386,33.346,0,0.013
46.200448,1387,33.369,0,0.035
46.233935,1388,33.486,0,0.153
46.267418,1389,33.484,0,0.150
46.300370,1390,32.952,0,0.381
46.333638,1391,33.268,0,0.065
46.367073,1392,33.435,0,0.101
46.400431,1393,33.358,0,0.024
46.434161,1394,33.730,0,0.397
46.467521,1395,33.360,0,0.027
46.500341,1396,32.820,0,0.514
46.534087,1397,33.746,0,0.413
46.567503,1398,33.416,0,0.082
46.600812,1399,33.308,0,0.025
46.633975,1400,33.163,0,0.170
46.666901,1401,32.927,0,0.407
46.700229,1402,33.328,0,0.005
46.734036,1403,33.807,0,0.474
46.767396,1404,33.360,0,0.027
46.800448,1405,33.052,0,0.281
46.834062,1406,33.614,0,0.280
46.866968,1407,32.906,0,0.427
46.900462,1408,33.494,0,0.160
46.933938,1409,33.477,0,0.143
46.967535,1410,33.597,0,0.264
47.000459,1411,32.923,0,0.410
47.033758,1412,33.300,0,0.034
47.067413,1413,33.655,0,0.321
47.100778,1414,33.365,0,0.032
47.134019,1415,33.241,0,0.092
47.167355,1416,33.335,0,0.002
47.200838,1417,33.483,0,0.150
47.234033,1418,33.195,0,0.138
47.267499,1419,33.467,0,0.133
47.300332,1420,32.833,0,0.500
47.334042,1421,33.710,0,0.377
47.367528,1422,33.486,0,0.153
47.400789,1423,33.261,0,0.072
47.434058,1424,33.268,0,0.065
47.467527,1425,33.470,0,0.137
47.500690,1426,33.163,0,0.171
47.533665,1427,32.975,0,0.358
47.566977,1428,33.312,0,0.021
47.600614,1429,33.637,0,0.304
47.634033,1430,33.419,0,0.085
47.666913,1431,32.880,0,0.453
47.700253,1432,33.340,0,0.006
47.733947,1433,33.694,0,0.361
47.767055,1434,33.108,0,0.226
47.800332,1435,33.278,0,0.055
47.833691,1436,33.358,0,0.025
47.867415,1437,33.725,0,0.391
47.900619,1438,33.203,0,0.130
47.934144,1439,33.525,0,0.192
47.967439,1440,33.295,0,0.039
48.000623,1441,33.185,0,0.149
48.034100,1442,33.476,0,0.143
48.067353,1443,33.254,0,0.080
48.100426,1444,33.072,0,0.261
48.133581,1445,33.156,0,0.177
48.166838,1446,33.257,0,0.076
48.200267,1447,33.428,0,0.095
48.233525,1448,33.258,0,0.075
48.266967,1449,33.442,0,0.109
48.300262,1450,33.294,0,0.039
48.333522,1451,33.260,0,0.073
48.366914,1452,33.392,0,0.059
48.400365,1453,33.451,0,0.118
48.433530,1454,33.164,0,0.169
48.467030,1455,33.500,0,0.167
48.500263,1456,33.233,0,0.101
48.533652,1457,33.390,0,0.056
48.567266,1458,33.614,0,0.280
48.600788,1459,33.522,0,0.188
48.634092,1460,33.304,0,0.029
48.667431,1461,33.340,0,0.006
48.700297,1462,32.866,0,0.467
48.733603,1463,33.306,0,0.028
48.767047,1464,33.444,0,0.111
48.800283,1465,33.236,0,0.097
48.834086,1466,33.803,0,0.469
48.867219,1467,33.133,0,0.200
48.900768,1468,33.548,0,0.215
48.934117,1469,33.349,0,0.016
48.967449,1470,33.332,0,0.001
49.000789,1471,33.340,0,0.006
49.034130,1472,33.341,0,0.008
49.067416,1473,33.286,0,0.047
49.100779,1474,33.362,0,0.029
49.134074,1475,33.295,0,0.038
49.167474,1476,33.400,0,0.066
49.200321,1477,32.848,0,0.486
49.233929,1478,33.607,0,0.274
49.267484,1479,33.555,0,0.222
49.300675,1480,33.191,0,0.142
49.334008,1481,33.333,0,0.000
49.367478,1482,33.470,0,0.137
49.400691,1483,33.212,0,0.121
49.434142,1484,33.451,0,0.118
49.467457,1485,33.315,0,0.018
49.500791,1486,33.334,0,0.001
49.533715,1487,32.925,0,0.409
49.567400,1488,33.685,0,0.351
49.600634,1489,33.235,0,0.099
49.633862,1490,33.228,0,0.106
49.666991,1491,33.129,0,0.204
49.700322,1492,33.331,0,0.003
49.734122,1493,33.801,0,0.467
49.767161,1494,33.038,0,0.295
49.800228,1495,33.067,0,0.266
49.833787,1496,33.559,0,0.225
49.867111,1497,33.325,0,0.009
49.900287,1498,33.175,0,0.158
49.934134,1499,33.848,0,0.514
49.967440,1500,33.306,0,0.027
50.000667,1501,33.227,0,0.106
50.033945,1502,33.278,0,0.055
50.067406,1503,33.460,0,0.127
50.100755,1504,33.349,0,0.016
50.134095,1505,33.340,0,0.006
50.167843,1506,33.748,0,0.415
50.200242,1507,32.399,0,0.934
50.233634,1508,33.392,0,0.059
50.266938,1509,33.303,0,0.030
50.300211,1510,33.273,0,0.060
50.333579,1511,33.368,0,0.035
50.366924,1512,33.346,0,0.012
50.400228,1513,33.304,0,0.030
50.433457,1514,33.229,0,0.104
50.467003,1515,33.546,0,0.212
50.500172,1516,33.169,0,0.164
50.533702,1517,33.529,0,0.196
50.566980,1518,33.279,0,0.054
50.600206,1519,33.226,0,0.108
50.633397,1520,33.191,0,0.142
50.666815,1521,33.418,0,0.085
50.700159,1522,33.344,0,0.011
50.733407,1523,33.248,0,0.085
50.766765,1524,33.357,0,0.024
50.800123,1525,33.358,0,0.025
50.833478,1526,33.354,0,0.021
50.866760,1527,33.283,0,0.051
50.900129,1528,33.368,0,0.035
50.933441,1529,33.312,0,0.022
50.966814,1530,33.374,0,0.040
51.001003,1531,34.189,0,0.856
51.033515,1532,32.511,0,0.822
51.066859,1533,33.345,0,0.011
51.100176,1534,33.317,0,0.016
51.133708,1535,33.532,0,0.199
51.166840,1536,33.132,0,0.201
51.200268,1537,33.428,0,0.094
51.233850,1538,33.582,0,0.249
51.266779,1539,32.929,0,0.404
51.300394,1540,33.615,0,0.281
51.333900,1541,33.506,0,0.172
51.367582,1542,33.682,0,0.349
51.400154,1543,32.572,0,0.761
51.433475,1544,33.321,0,0.012
51.467023,1545,33.548,0,0.214
51.500574,1546,33.551,0,0.218
51.533678,1547,33.104,0,0.229
51.566964,1548,33.286,0,0.047
51.600186,1549,33.221,0,0.112
51.633476,1550,33.290,0,0.043
51.666837,1551,33.361,0,0.028
51.700143,1552,33.306,0,0.027
51.734321,1553,34.178,0,0.845
51.766838,1554,32.516,0,0.817
51.800094,1555,33.257,0,0.077
51.833492,1556,33.398,0,0.065
51.867068,1557,33.576,0,0.243
51.900168,1558,33.099,0,0.234
51.933444,1559,33.276,0,0.057
51.966775,1560,33.331,0,0.002
52.000400,1561,33.625,0,0.292
52.033530,1562,33.129,0,0.204
52.067046,1563,33.516,0,0.182
52.100575,1564,33.529,0,0.196
52.133522,1565,32.947,0,0.387
52.167178,1566,33.656,0,0.323
52.200300,1567,33.122,0,0.212
52.233728,1568,33.428,0,0.094
52.266821,1569,33.094,0,0.240
52.300153,1570,33.332,0,0.001
52.333475,1571,33.322,0,0.011
52.366845,1572,33.369,0,0.036
52.400447,1573,33.603,0,0.269
52.433541,1574,33.093,0,0.240
52.466852,1575,33.311,0,0.022
52.500158,1576,33.306,0,0.027
52.533488,1577,33.329,0,0.004
52.566749,1578,33.261,0,0.073
52.600126,1579,33.377,0,0.044
52.633393,1580,33.267,0,0.066
52.666798,1581,33.406,0,0.072
52.700157,1582,33.359,0,0.025
52.733795,1583,33.638,0,0.305
52.766888,1584,33.093,0,0.241
52.800588,1585,33.701,0,0.367
52.833547,1586,32.959,0,0.375
52.866814,1587,33.267,0,0.066
52.900436,1588,33.621,0,0.288
52.933781,1589,33.346,0,0.013
52.967171,1590,33.389,0,0.056
53.000423,1591,33.252,0,0.081
53.033480,1592,33.057,0,0.277
53.066853,1593,33.374,0,0.040
53.100442,1594,33.589,0,0.256
53.134119,1595,33.677,0,0.343
53.167212,1596,33.093,0,0.240
53.200401,1597,33.189,0,0.144
53.233623,1598,33.221,0,0.112
53.266803,1599,33.181,0,0.153
53.300471,1600,33.668,0,0.334
53.333486,1601,33.016,0,0.318
53.367109,1602,33.623,0,0.289
53.400431,1603,33.322,0,0.012
53.433582,1604,33.151,0,0.182
53.466764,1605,33.182,0,0.151
53.500366,1606,33.602,0,0.268
53.533651,1607,33.285,0,0.048
53.566822,1608,33.171,0,0.163
53.600206,1609,33.384,0,0.051
53.633474,1610,33.268,0,0.065
53.666807,1611,33.333,0,0.000
53.700117,1612,33.310,0,0.023
53.734019,1613,33.902,0,0.569
53.766992,1614,32.973,0,0.360
53.800499,1615,33.507,0,0.174
53.833790,1616,33.290,0,0.043
53.867063,1617,33.273,0,0.060
53.900450,1618,33.388,0,0.055
53.933839,1619,33.388,0,0.055
53.966903,1620,33.064,0,0.269
54.000134,1621,33.231,0,0.102
54.033787,1622,33.654,0,0.320
54.067149,1623,33.362,0,0.028
54.100212,1624,33.063,0,0.270
54.133472,1625,33.260,0,0.073
54.166876,1626,33.404,0,0.071
54.200188,1627,33.312,0,0.021
54.233806,1628,33.618,0,0.285
54.267080,1629,33.274,0,0.059
54.300819,1630,33.738,0,0.405
54.333468,1631,32.649,0,0.684
54.366770,1632,33.302,0,0.031
54.400220,1633,33.451,0,0.117
54.433503,1634,33.282,0,0.051
54.466907,1635,33.404,0,0.070
54.500175,1636,33.269,0,0.065
54.533432,1637,33.257,0,0.077
54.566793,1638,33.361,0,0.028
54.600149,1639,33.356,0,0.022
54.633574,1640,33.425,0,0.092
54.666813,1641,33.239,0,0.094
54.700160,1642,33.347,0,0.014
54.733596,1643,33.436,0,0.103
54.766816,1644,33.220,0,0.113
54.800192,1645,33.376,0,0.043
54.833455,1646,33.262,0,0.071
54.866832,1647,33.377,0,0.044
54.900126,1648,33.294,0,0.039
54.933476,1649,33.350,0,0.017
54.966804,1650,33.327,0,0.006
55.000127,1651,33.323,0,0.010
55.033474,1652,33.347,0,0.014
55.066795,1653,33.321,0,0.012
55.100132,1654,33.337,0,0.004
55.133465,1655,33.333,0,0.001
55.166820,1656,33.355,0,0.022
55.200104,1657,33.285,0,0.049
55.233494,1658,33.389,0,0.056
55.266805,1659,33.312,0,0.022
55.300176,1660,33.371,0,0.038
55.333473,1661,33.296,0,0.037
55.366793,1662,33.320,0,0.013
55.400137,1663,33.344,0,0.011
55.433428,1664,33.291,0,0.043
55.466809,1665,33.382,0,0.048
55.500122,1666,33.313,0,0.021
55.533498,1667,33.375,0,0.042
55.566807,1668,33.309,0,0.024
55.600115,1669,33.309,0,0.025
55.633471,1670,33.356,0,0.023
55.666811,1671,33.340,0,0.007
55.700107,1672,33.296,0,0.037
55.733468,1673,33.361,0,0.028
55.766785,1674,33.316,0,0.017
55.800160,1675,33.375,0,0.042
55.833873,1676,33.713,0,0.379
55.866852,1677,32.980,0,0.354
55.900148,1678,33.296,0,0.037
55.933507,1679,33.358,0,0.025
55.967019,1680,33.512,0,0.179
56.000169,1681,33.150,0,0.183
56.033470,1682,33.301,0,0.032
56.066779,1683,33.309,0,0.025
56.100062,1684,33.283,0,0.050
56.133471,1685,33.409,0,0.076
56.166807,1686,33.336,0,0.003
56.200119,1687,33.312,0,0.021
56.233401,1688,33.282,0,0.052
56.266805,1689,33.404,0,0.070
56.300129,1690,33.324,0,0.009
56.333475,1691,33.346,0,0.013
56.366804,1692,33.329,0,0.005
56.400135,1693,33.331,0,0.003
56.433633,1694,33.499,0,0.165
56.466870,1695,33.237,0,0.097
56.500465,1696,33.595,0,0.262
56.533454,1697,32.989,0,0.344
56.566997,1698,33.543,0,0.210
56.600243,1699,33.246,0,0.087
56.633461,1700,33.218,0,0.116
56.667009,1701,33.548,0,0.215
56.700193,1702,33.183,0,0.150
56.733556,1703,33.363,0,0.030
56.767151,1704,33.595,0,0.262
56.800212,1705,33.060,0,0.273
56.833480,1706,33.269,0,0.065
56.867149,1707,33.669,0,0.336
56.900225,1708,33.076,0,0.258
56.933477,1709,33.252,0,0.081
56.966808,1710,33.331,0,0.002
57.000131,1711,33.322,0,0.011
57.033476,1712,33.345,0,0.012
57.066808,1713,33.332,0,0.001
57.100062,1714,33.254,0,0.080
57.133494,1715,33.432,0,0.099
57.166792,1716,33.297,0,0.036
57.200159,1717,33.367,0,0.034
57.233952,1718,33.793,0,0.460
57.266858,1719,32.906,0,0.427
57.300113,1720,33.255,0,0.079
57.333594,1721,33.481,0,0.148
57.367149,1722,33.555,0,0.222
57.400214,1723,33.065,0,0.269
57.433580,1724,33.366,0,0.033
57.466850,1725,33.271,0,0.063
57.500422,1726,33.572,0,0.239
57.533499,1727,33.077,0,0.257
57.566770,1728,33.271,0,0.062
57.600206,1729,33.435,0,0.102
57.633410,1730,33.204,0,0.129
57.666751,1731,33.342,0,0.009
57.700134,1732,33.383,0,0.050
57.733473,1733,33.339,0,0.006
57.766728,1734,33.254,0,0.079
57.800144,1735,33.416,0,0.083
57.833442,1736,33.298,0,0.036
57.866811,1737,33.369,0,0.036
57.900145,1738,33.334,0,0.000
57.933472,1739,33.327,0,0.006
57.966808,1740,33.337,0,0.003
58.000116,1741,33.308,0,0.026
58.033479,1742,33.363,0,0.030
58.066824,1743,33.345,0,0.012
58.100121,1744,33.297,0,0.037
58.133525,1745,33.404,0,0.070
58.166824,1746,33.299,0,0.034
58.200123,1747,33.299,0,0.034
58.233430,1748,33.307,0,0.026
58.267100,1749,33.670,0,0.337
58.300126,1750,33.026,0,0.307
58.334151,1751,34.025,0,0.691
58.366962,1752,32.811,0,0.522
58.400094,1753,33.132,0,0.202
58.433702,1754,33.607,0,0.274
58.467040,1755,33.339,0,0.005
58.500255,1756,33.215,0,0.118
58.533437,1757,33.182,0,0.152
58.566920,1758,33.483,0,0.150
58.600111,1759,33.191,0,0.143
58.633719,1760,33.608,0,0.274
58.667021,1761,33.302,0,0.032
58.701043,1762,34.022,0,0.689
58.733504,1763,32.460,0,0.873
58.766800,1764,33.297,0,0.037
58.800462,1765,33.662,0,0.328
58.833491,1766,33.029,0,0.305
58.866820,1767,33.330,0,0.004
58.900075,1768,33.255,0,0.078
58.933406,1769,33.331,0,0.003
58.966828,1770,33.422,0,0.089
59.000132,1771,33.304,0,0.029
59.033493,1772,33.360,0,0.027
59.066826,1773,33.333,0,0.000
59.100192,1774,33.367,0,0.033
59.133506,1775,33.314,0,0.020
59.166754,1776,33.248,0,0.086
59.200216,1777,33.462,0,0.129
59.233802,1778,33.586,0,0.252
59.266861,1779,33.059,0,0.274
59.300197,1780,33.336,0,0.003
59.333700,1781,33.502,0,0.169
59.367117,1782,33.418,0,0.085
59.400453,1783,33.335,0,0.002
59.433487,1784,33.034,0,0.299
59.466838,1785,33.351,0,0.018
59.500228,1786,33.390,0,0.057
59.533791,1787,33.563,0,0.230
59.567130,1788,33.339,0,0.006
59.600473,1789,33.343,0,0.009
59.633459,1790,32.986,0,0.347
59.666879,1791,33.420,0,0.087
59.700450,1792,33.571,0,0.237
59.734168,1793,33.719,0,0.385
59.766880,1794,32.712,0,0.622
59.800165,1795,33.285,0,0.048
59.833463,1796,33.298,0,0.035
59.866842,1797,33.379,0,0.046
59.900230,1798,33.388,0,0.055
59.933432,1799,33.201,0,0.132
59.966824,1800,33.392,0,0.058
